{
 "0": {
  "bias": -0.004724681514974147,
  "variance": 0.8977955190621965
 },
 "1": {
  "bias": 0.2889230159460314,
  "variance": 0.09855837347633398,
  "0": 0.49435455945429185
 },
 "2": {
  "bias": 0.26132900381605756,
  "variance": 1.4093760292889548,
  "0": -0.49568402590247973,
  "1": 0.7503921753237106
 }
}