{
 "var": [
  0,
  1,
  2,
  3,
  4
 ],
 "card": [
  2,
  2,
  3,
  2,
  2
 ],
 "val": [
  0.0125,
  0.023700000000000002,
  0.0002,
  0.0012,
  0.0644,
  0.009899999999999999,
  0.0025,
  0.0035,
  0.12300000000000001,
  0.0058000000000000005,
  0.0261,
  0.005200000000000001,
  0.1067,
  0.2169,
  0.0014,
  0.01,
  0.0959,
  0.013,
  0.0062,
  0.0044,
  0.0018000000000000002,
  0.0001,
  0.0002,
  0.0001,
  0.0006,
  0.0014,
  0.0007,
  0.005200000000000001,
  0.0030000000000000005,
  0.0004,
  0.0149,
  0.011399999999999999,
  0.006600000000000001,
  0.0002,
  0.0975,
  0.0176,
  0.005200000000000001,
  0.01,
  0.007,
  0.039099999999999996,
  0.0059,
  0.0008,
  0.0212,
  0.015000000000000001,
  0.0002,
  0.0,
  0.0013000000000000002,
  0.0001
 ]
}