{
 "var": [
  0,
  1,
  2,
  3,
  4
 ],
 "card": [
  2,
  2,
  3,
  2,
  2
 ],
 "val": [
  0.011899999999999999,
  0.0235,
  0.0,
  0.0013000000000000002,
  0.0649,
  0.0089,
  0.0033,
  0.0026000000000000003,
  0.11860000000000001,
  0.0062,
  0.022799999999999997,
  0.0050999999999999995,
  0.10429999999999999,
  0.2162,
  0.0017,
  0.009800000000000001,
  0.0957,
  0.0122,
  0.0053,
  0.0035,
  0.0013000000000000002,
  0.0002,
  0.0003,
  0.0001,
  0.0007,
  0.0013000000000000002,
  0.0012,
  0.0042,
  0.0033,
  0.0003,
  0.013300000000000001,
  0.0118,
  0.0059,
  0.0,
  0.1024,
  0.019500000000000003,
  0.004900000000000001,
  0.012700000000000001,
  0.0064,
  0.0446,
  0.0053,
  0.0007,
  0.0237,
  0.0163,
  0.0001,
  0.0,
  0.0015,
  0.0002
 ]
}