{
 "var": [
  0,
  1,
  2,
  3,
  4
 ],
 "card": [
  2,
  2,
  3,
  9,
  2
 ],
 "val": [
  0,
  0.024200000000000003,
  0.0002,
  0,
  0.0658,
  0.0085,
  0.0031,
  0.0026999999999999997,
  0.1169,
  0.0047,
  0.0252,
  0.0042,
  0.1118,
  0.2191,
  0.0013000000000000002,
  0.0106,
  0.0949,
  0.0129,
  0.004600000000000001,
  0.0045,
  0.0013000000000000002,
  0.0,
  0.0003,
  0.0,
  0.0005,
  0.0014,
  0.0007,
  0.0063,
  0.0033,
  0.0004,
  0.0117,
  0.011500000000000002,
  0.007,
  0.0001,
  0,
  0.0214,
  0.004600000000000001,
  0.0094,
  0.0064,
  0.04120000000000001,
  0.005200000000000001,
  0.0004,
  0.020900000000000002,
  0.0144,
  0.0001,
  0.0,
  0.0019,
  0.0001
 ]
}