{
 "var": [
  0,
  1,
  3,
  4
 ],
 "card": [
  2,
  2,
  2,
  2
 ],
 "val": [
  0.23309262911285425,
  0.031731439332157,
  0.013252324253792204,
  0.009341498494980798,
  0.3493423881615041,
  0.047982681158345815,
  0.018627392832253377,
  0.014568289319553387,
  0.011713942557198143,
  0.0017793330466630095,
  0.055789504900579774,
  0.04503936774365742,
  0.0195726635132931,
  0.002965555077771682,
  0.07858720956094958,
  0.06661378093444639
 ]
}