{
 "var": [
  0,
  1,
  3,
  4
 ],
 "card": [
  2,
  2,
  2,
  2
 ],
 "val": [
  0.23621521831001582,
  0.031969868843464797,
  0.014457616939878556,
  0.010676394047910319,
  0.34935533856773204,
  0.04819205646626185,
  0.02094500915649073,
  0.01623701594786361,
  0.01201094330389911,
  0.0015421458069203797,
  0.0541233864928787,
  0.04248315131564315,
  0.016756007325192585,
  0.002609785211711411,
  0.07970224723266384,
  0.06272381503147312
 ]
}