{
 "var": [
  0,
  1,
  2,
  3,
  4,
  5,
  6,
  7,
  8,
  9
 ],
 "card": [
  2,
  2,
  2,
  2,
  2,
  2,
  2,
  2,
  2,
  2
 ],
 "val": [
  0.0,
  0.0,
  0.0,
  0.0,
  0.0,
  0.0005,
  0.0,
  0.0,
  0.0001,
  0.0008,
  0.0004,
  0.0007,
  0.0,
  0.0001,
  0.0,
  0.0006,
  0.0,
  0.0,
  0.0002,
  0.0001,
  0.0,
  0.0007,
  0.0001,
  0.0002,
  0.0003,
  0.0009000000000000001,
  0.0003,
  0.0006,
  0.0001,
  0.0005,
  0.0007,
  0.0023,
  0.0,
  0.0,
  0.0,
  0.0001,
  0.0,
  0.0002,
  0.0,
  0.0002,
  0.0,
  0.0,
  0.0,
  0.0,
  0.0,
  0.0,
  0.0,
  0.0,
  0.0,
  0.0,
  0.0,
  0.0,
  0.0001,
  0.0007,
  0.0001,
  0.0007,
  0.0,
  0.0,
  0.0,
  0.0,
  0.0,
  0.0001,
  0.0,
  0.0002,
  0.0,
  0.0,
  0.0003,
  0.0006,
  0.0001,
  0.0014,
  0.0002,
  0.0004,
  0.0002,
  0.0017,
  0.0009000000000000001,
  0.0014,
  0.0,
  0.0001,
  0.0004,
  0.0012,
  0.0002,
  0.0,
  0.0004,
  0.0006,
  0.0015000000000000002,
  0.0068,
  0.0006,
  0.0039,
  0.0004,
  0.0019,
  0.0008,
  0.0013000000000000002,
  0.0003,
  0.0026000000000000003,
  0.0022,
  0.0066,
  0.0001,
  0.0001,
  0.0003,
  0.0003,
  0.0003,
  0.0021000000000000003,
  0.0001,
  0.0007,
  0.0002,
  0.0001,
  0.0001,
  0.0002,
  0.0,
  0.0001,
  0.0001,
  0.0001,
  0.0,
  0.0005,
  0.0006,
  0.0003,
  0.0011,
  0.0088,
  0.0009000000000000001,
  0.0047,
  0.0001,
  0.0003,
  0.0001,
  0.0002,
  0.0001,
  0.0,
  0.0003,
  0.0009000000000000001,
  0.0,
  0.0,
  0.0,
  0.0,
  0.0,
  0.0001,
  0.0,
  0.0001,
  0.0002,
  0.0003,
  0.0002,
  0.0007,
  0.0,
  0.0001,
  0.0002,
  0.0006,
  0.0,
  0.0,
  0.0001,
  0.0001,
  0.0,
  0.001,
  0.0002,
  0.0005,
  0.001,
  0.001,
  0.001,
  0.0009000000000000001,
  0.0,
  0.0021000000000000003,
  0.0005,
  0.005200000000000001,
  0.0,
  0.0,
  0.0001,
  0.0001,
  0.0,
  0.0,
  0.0,
  0.0,
  0.0,
  0.0,
  0.0,
  0.0,
  0.0,
  0.0,
  0.0,
  0.0001,
  0.0,
  0.0001,
  0.0002,
  0.0,
  0.0001,
  0.0026000000000000003,
  0.0003,
  0.0015000000000000002,
  0.0,
  0.0002,
  0.0,
  0.0,
  0.0,
  0.0003,
  0.0002,
  0.0008,
  0.0003,
  0.0,
  0.0003,
  0.0004,
  0.0001,
  0.0021000000000000003,
  0.0001,
  0.0008,
  0.0007,
  0.0014,
  0.0012,
  0.0011,
  0.0,
  0.0002,
  0.0002,
  0.0007,
  0.0002,
  0.0002,
  0.0015000000000000002,
  0.0018000000000000002,
  0.0014,
  0.0178,
  0.0019,
  0.009,
  0.0023,
  0.0038,
  0.0036000000000000003,
  0.0029,
  0.0008,
  0.0058,
  0.0038,
  0.0154,
  0.0001,
  0.0,
  0.0004,
  0.0002,
  0.0003,
  0.0011,
  0.0002,
  0.0011,
  0.0001,
  0.0001,
  0.0002,
  0.0002,
  0.0,
  0.0001,
  0.0002,
  0.0,
  0.0004,
  0.0003,
  0.0013000000000000002,
  0.0012,
  0.0027,
  0.02,
  0.0015000000000000002,
  0.0103,
  0.0003,
  0.0003,
  0.0003,
  0.0001,
  0.0,
  0.0006,
  0.0003,
  0.0007,
  0.0001,
  0.0,
  0.0,
  0.0,
  0.0,
  0.0001,
  0.0,
  0.0,
  0.0,
  0.0001,
  0.0001,
  0.0,
  0.0,
  0.0,
  0.0,
  0.0001,
  0.0,
  0.0,
  0.0003,
  0.0002,
  0.0002,
  0.0033,
  0.0005,
  0.001,
  0.001,
  0.0021000000000000003,
  0.0013000000000000002,
  0.0021000000000000003,
  0.0002,
  0.0028,
  0.0019,
  0.0078,
  0.0,
  0.0,
  0.0,
  0.0,
  0.0,
  0.0,
  0.0,
  0.0,
  0.0,
  0.0001,
  0.0,
  0.0,
  0.0,
  0.0,
  0.0,
  0.0,
  0.0001,
  0.0004,
  0.0005,
  0.0002,
  0.0001,
  0.0029,
  0.0,
  0.0011,
  0.0,
  0.0001,
  0.0,
  0.0001,
  0.0,
  0.0001,
  0.0002,
  0.0011,
  0.0,
  0.0,
  0.0,
  0.0,
  0.0,
  0.0,
  0.0001,
  0.0,
  0.0,
  0.0002,
  0.0,
  0.0,
  0.0,
  0.0,
  0.0,
  0.0001,
  0.0,
  0.0,
  0.0007,
  0.0006,
  0.0004,
  0.0068,
  0.0008,
  0.0033,
  0.0002,
  0.0014,
  0.0007,
  0.0009000000000000001,
  0.0,
  0.0012,
  0.0003,
  0.005,
  0.0,
  0.0,
  0.0,
  0.0,
  0.0,
  0.0,
  0.0,
  0.0,
  0.0,
  0.0,
  0.0,
  0.0,
  0.0,
  0.0,
  0.0,
  0.0,
  0.0,
  0.0003,
  0.0004,
  0.0006,
  0.0002,
  0.0061,
  0.001,
  0.0039,
  0.0,
  0.0,
  0.0001,
  0.0001,
  0.0001,
  0.0002,
  0.0,
  0.0004,
  0.0,
  0.0,
  0.0001,
  0.0002,
  0.0001,
  0.0004,
  0.0001,
  0.0003,
  0.0007,
  0.0022,
  0.0015000000000000002,
  0.0015000000000000002,
  0.0,
  0.0006,
  0.0005,
  0.002,
  0.0001,
  0.0,
  0.0001,
  0.0004,
  0.0002,
  0.0029,
  0.0002,
  0.0017,
  0.0012,
  0.0026000000000000003,
  0.0017,
  0.0016,
  0.0003,
  0.004900000000000001,
  0.0023,
  0.0096,
  0.0,
  0.0001,
  0.0006,
  0.0001,
  0.0002,
  0.0009000000000000001,
  0.0001,
  0.0002,
  0.0001,
  0.0006,
  0.0001,
  0.0,
  0.0,
  0.0,
  0.0,
  0.0003,
  0.0001,
  0.0,
  0.0002,
  0.0003,
  0.0003,
  0.0034,
  0.0002,
  0.0027,
  0.0001,
  0.0002,
  0.0002,
  0.0003,
  0.0001,
  0.0006,
  0.0,
  0.0014,
  0.0001,
  0.0001,
  0.0012,
  0.0005,
  0.0,
  0.0014,
  0.0,
  0.0003,
  0.0006,
  0.001,
  0.0008,
  0.0011,
  0.0,
  0.0003,
  0.0,
  0.0013000000000000002,
  0.0002,
  0.0001,
  0.0004,
  0.0003,
  0.0004,
  0.0079,
  0.0009000000000000001,
  0.0033,
  0.0017,
  0.0024,
  0.0007,
  0.0016,
  0.0001,
  0.0016,
  0.0011,
  0.0061,
  0.0002,
  0.0001,
  0.0008,
  0.0001,
  0.0001,
  0.0023,
  0.0,
  0.0005,
  0.0002,
  0.0,
  0.0,
  0.0001,
  0.0,
  0.0001,
  0.0001,
  0.0002,
  0.0001,
  0.0,
  0.0004,
  0.0006,
  0.0006,
  0.0092,
  0.0009000000000000001,
  0.004,
  0.0,
  0.0004,
  0.0,
  0.0001,
  0.0,
  0.0005,
  0.0002,
  0.0017,
  0.0,
  0.0,
  0.0003,
  0.0,
  0.0,
  0.0007,
  0.0,
  0.0,
  0.0005,
  0.0018000000000000002,
  0.001,
  0.0014,
  0.0,
  0.0006,
  0.0003,
  0.0015000000000000002,
  0.0,
  0.0,
  0.0002,
  0.0,
  0.0004,
  0.0032,
  0.0005,
  0.0012,
  0.0008,
  0.0029,
  0.0013000000000000002,
  0.0019,
  0.0002,
  0.0037,
  0.0029,
  0.0086,
  0.0,
  0.0001,
  0.0,
  0.0002,
  0.0,
  0.0005,
  0.0,
  0.0001,
  0.0002,
  0.0003,
  0.0001,
  0.0002,
  0.0,
  0.0002,
  0.0,
  0.0002,
  0.0,
  0.0,
  0.0001,
  0.0004,
  0.0002,
  0.0034,
  0.0002,
  0.0019,
  0.0001,
  0.0002,
  0.0003,
  0.0,
  0.0001,
  0.0001,
  0.0003,
  0.0009000000000000001,
  0.0,
  0.0001,
  0.0,
  0.0,
  0.0,
  0.0002,
  0.0,
  0.0002,
  0.0001,
  0.0001,
  0.0,
  0.0001,
  0.0,
  0.0001,
  0.0,
  0.0001,
  0.0,
  0.0,
  0.0,
  0.0001,
  0.0002,
  0.0007,
  0.0,
  0.0001,
  0.0001,
  0.0001,
  0.0002,
  0.0,
  0.0,
  0.0002,
  0.0002,
  0.0009000000000000001,
  0.0,
  0.0,
  0.0,
  0.0,
  0.0,
  0.0003,
  0.0,
  0.0,
  0.0001,
  0.0,
  0.0,
  0.0,
  0.0,
  0.0,
  0.0,
  0.0,
  0.0,
  0.0001,
  0.0001,
  0.0003,
  0.0002,
  0.0011,
  0.0,
  0.0006,
  0.0,
  0.0001,
  0.0,
  0.0001,
  0.0,
  0.0,
  0.0,
  0.0001,
  0.0,
  0.0,
  0.0001,
  0.0,
  0.0002,
  0.0012,
  0.0,
  0.0005,
  0.0006,
  0.0016,
  0.0014,
  0.0015000000000000002,
  0.0,
  0.0005,
  0.0002,
  0.0018000000000000002,
  0.0001,
  0.0001,
  0.0004,
  0.0003,
  0.0008,
  0.0066,
  0.0007,
  0.0033,
  0.0017,
  0.0047,
  0.0037,
  0.0057,
  0.0003,
  0.0066,
  0.0055,
  0.0186,
  0.0,
  0.0,
  0.0002,
  0.0,
  0.0001,
  0.0004,
  0.0002,
  0.0001,
  0.0,
  0.0005,
  0.0001,
  0.0,
  0.0,
  0.0,
  0.0,
  0.0002,
  0.0002,
  0.0002,
  0.001,
  0.0005,
  0.0005,
  0.007200000000000001,
  0.0007,
  0.004200000000000001,
  0.0004,
  0.0007,
  0.0006,
  0.0007,
  0.0001,
  0.0008,
  0.0003,
  0.0022,
  0.0,
  0.0,
  0.0,
  0.0,
  0.0,
  0.0001,
  0.0,
  0.0001,
  0.0003,
  0.0001,
  0.0,
  0.0003,
  0.0,
  0.0,
  0.0001,
  0.0,
  0.0,
  0.0,
  0.0,
  0.0002,
  0.0003,
  0.0017,
  0.0004,
  0.0001,
  0.0003,
  0.0002,
  0.0002,
  0.0002,
  0.0,
  0.0005,
  0.0003,
  0.001,
  0.0,
  0.0001,
  0.0003,
  0.0001,
  0.0,
  0.0001,
  0.0,
  0.0001,
  0.0,
  0.0,
  0.0,
  0.0001,
  0.0,
  0.0,
  0.0,
  0.0,
  0.0001,
  0.0001,
  0.0,
  0.0,
  0.0003,
  0.0028,
  0.0,
  0.0015000000000000002,
  0.0,
  0.0,
  0.0001,
  0.0,
  0.0,
  0.0,
  0.0,
  0.0002,
  0.0,
  0.0,
  0.0,
  0.0001,
  0.0,
  0.0001,
  0.0,
  0.0,
  0.0001,
  0.0001,
  0.0001,
  0.0002,
  0.0,
  0.0001,
  0.0,
  0.0004,
  0.0,
  0.0001,
  0.0007,
  0.0005,
  0.0003,
  0.005,
  0.001,
  0.0031000000000000003,
  0.0012,
  0.0054,
  0.0035000000000000005,
  0.0028,
  0.0003,
  0.005900000000000001,
  0.0034,
  0.018,
  0.0,
  0.0,
  0.0,
  0.0,
  0.0,
  0.0,
  0.0,
  0.0,
