{
 "var": [
  0,
  1,
  2,
  3,
  4,
  5,
  6,
  7,
  8,
  9
 ],
 "card": [
  2,
  2,
  2,
  2,
  2,
  2,
  2,
  2,
  2,
  2
 ],
 "val": [
  0.0001,
  0.0,
  0.0001,
  0.0,
  0.0002,
  0.0001,
  0.0,
  0.0,
  0.0001,
  0.0006000000000000001,
  0.0004,
  0.0004,
  0.0,
  0.0001,
  0.0002,
  0.0006000000000000001,
  0.0,
  0.0,
  0.0001,
  0.0001,
  0.0,
  0.0006000000000000001,
  0.0,
  0.0005,
  0.0002,
  0.0006000000000000001,
  0.0007000000000000001,
  0.0004,
  0.0001,
  0.0008,
  0.0007000000000000001,
  0.0024000000000000002,
  0.0001,
  0.0,
  0.0,
  0.0,
  0.0,
  0.0002,
  0.0,
  0.0,
  0.0,
  0.0001,
  0.0,
  0.0,
  0.0,
  0.0,
  0.0,
  0.0001,
  0.0,
  0.0,
  0.00030000000000000003,
  0.0,
  0.0001,
  0.0011,
  0.0002,
  0.0006000000000000001,
  0.0,
  0.0001,
  0.0001,
  0.0,
  0.0001,
  0.0,
  0.0001,
  0.00030000000000000003,
  0.0,
  0.0004,
  0.0002,
  0.00030000000000000003,
  0.00030000000000000003,
  0.0019000000000000002,
  0.0001,
  0.0005,
  0.0002,
  0.0016,
  0.0007000000000000001,
  0.001,
  0.0001,
  0.0004,
  0.0004,
  0.0014000000000000002,
  0.0002,
  0.0001,
  0.0007000000000000001,
  0.0007000000000000001,
  0.0002,
  0.0072,
  0.0005,
  0.0031000000000000003,
  0.0009,
  0.0018,
  0.002,
  0.0019000000000000002,
  0.0006000000000000001,
  0.0021000000000000003,
  0.0014000000000000002,
  0.006900000000000001,
  0.0,
  0.0,
  0.0004,
  0.0005,
  0.0001,
  0.0019000000000000002,
  0.0,
  0.0008,
  0.0,
  0.0001,
  0.0001,
  0.0001,
  0.0,
  0.0,
  0.0001,
  0.0001,
  0.0,
  0.0004,
  0.0006000000000000001,
  0.001,
  0.001,
  0.0092,
  0.0011,
  0.0058000000000000005,
  0.0,
  0.0002,
  0.0001,
  0.0002,
  0.0,
  0.0004,
  0.0,
  0.0009,
  0.0,
  0.0,
  0.0,
  0.0001,
  0.0,
  0.0,
  0.0,
  0.0001,
  0.0001,
  0.00030000000000000003,
  0.0007000000000000001,
  0.0009,
  0.0001,
  0.0002,
  0.0,
  0.0007000000000000001,
  0.0,
  0.0002,
  0.0,
  0.0001,
  0.0002,
  0.0019000000000000002,
  0.0001,
  0.0009,
  0.0006000000000000001,
  0.001,
  0.0007000000000000001,
  0.0015000000000000002,
  0.0,
  0.0019000000000000002,
  0.0011,
  0.0055000000000000005,
  0.0,
  0.0,
  0.0001,
  0.0001,
  0.0,
  0.0002,
  0.0,
  0.0002,
  0.0,
  0.0004,
  0.0,
  0.0,
  0.0,
  0.0,
  0.0,
  0.0,
  0.0,
  0.0,
  0.0,
  0.0002,
  0.0001,
  0.0022,
  0.0004,
  0.001,
  0.0001,
  0.0,
  0.00030000000000000003,
  0.0,
  0.0,
  0.0002,
  0.0,
  0.0009,
  0.0002,
  0.0,
  0.0,
  0.0008,
  0.0001,
  0.0007000000000000001,
  0.00030000000000000003,
  0.0002,
  0.0007000000000000001,
  0.0016,
  0.0008,
  0.0011,
  0.0001,
  0.00030000000000000003,
  0.0,
  0.0011,
  0.0002,
  0.0001,
  0.001,
  0.0009,
  0.0014000000000000002,
  0.0189,
  0.0015000000000000002,
  0.0075000000000000015,
  0.0021000000000000003,
  0.0046,
  0.002,
  0.0029000000000000002,
  0.001,
  0.0053,
  0.0036,
  0.015300000000000003,
  0.0001,
  0.0001,
  0.0004,
  0.0004,
  0.0004,
  0.0027000000000000006,
  0.00030000000000000003,
  0.001,
  0.0,
  0.00030000000000000003,
  0.0002,
  0.0,
  0.0,
  0.0,
  0.0,
  0.0002,
  0.0001,
  0.0006000000000000001,
  0.0022,
  0.0017000000000000001,
  0.0019000000000000002,
  0.0207,
  0.0015000000000000002,
  0.0085,
  0.0002,
  0.0004,
  0.00030000000000000003,
  0.0002,
  0.0,
  0.0004,
  0.0009,
  0.0017000000000000001,
  0.0,
  0.0,
  0.0,
  0.0,
  0.0,
  0.0,
  0.0,
  0.0,
  0.0,
  0.0,
  0.0001,
  0.0,
  0.0,
  0.0,
  0.0,
  0.0002,
  0.0001,
  0.0,
  0.0002,
  0.0002,
  0.0002,
  0.0031000000000000003,
  0.0005,
  0.0017000000000000001,
  0.0013,
  0.0021000000000000003,
  0.0013,
  0.0018,
  0.0001,
  0.0030000000000000005,
  0.0014000000000000002,
  0.0085,
  0.0,
  0.0,
  0.0,
  0.0,
  0.0,
  0.0001,
  0.0,
  0.0,
  0.0,
  0.0,
  0.0,
  0.0,
  0.0,
  0.0,
  0.0,
  0.0,
  0.0,
  0.0001,
  0.0002,
  0.0002,
  0.0002,
  0.004200000000000001,
  0.0001,
  0.0012000000000000001,
  0.0001,
  0.0001,
  0.0002,
  0.0004,
  0.0001,
  0.0005,
  0.00030000000000000003,
  0.0008,
  0.0,
  0.0,
  0.0,
  0.0,
  0.0,
  0.00030000000000000003,
  0.0,
  0.0,
  0.0,
  0.0,
  0.0,
  0.0001,
  0.0,
  0.0001,
  0.0,
  0.0001,
  0.0001,
  0.0,
  0.00030000000000000003,
  0.0004,
  0.0005,
  0.006200000000000001,
  0.0001,
  0.0025,
  0.0001,
  0.0015000000000000002,
  0.0008,
  0.001,
  0.0001,
  0.0008,
  0.0014000000000000002,
  0.0037,
  0.0,
  0.0,
  0.0,
  0.0,
  0.0,
  0.0,
  0.0,
  0.0,
  0.0,
  0.0,
  0.0,
  0.0,
  0.0,
  0.0,
  0.0,
  0.0,
  0.0002,
  0.0002,
  0.0004,
  0.0009,
  0.0007000000000000001,
  0.006300000000000001,
  0.0016,
  0.0038000000000000004,
  0.0001,
  0.0001,
  0.0001,
  0.0001,
  0.0,
  0.00030000000000000003,
  0.0,
  0.0012000000000000001,
  0.0,
  0.0,
  0.0001,
  0.0002,
  0.0001,
  0.0011,
  0.0,
  0.00030000000000000003,
  0.0012000000000000001,
  0.0027000000000000006,
  0.0012000000000000001,
  0.0009,
  0.0,
  0.0007000000000000001,
  0.0007000000000000001,
  0.002,
  0.0,
  0.0005,
  0.0001,
  0.0004,
  0.0008,
  0.0031000000000000003,
  0.0004,
  0.0014000000000000002,
  0.0009,
  0.0029000000000000002,
  0.0017000000000000001,
  0.0021000000000000003,
  0.00030000000000000003,
  0.0036,
  0.0019000000000000002,
  0.0086,
  0.0,
  0.0001,
  0.0002,
  0.0002,
  0.0001,
  0.0002,
  0.0002,
  0.0001,
  0.0001,
  0.0004,
  0.0002,
  0.0002,
  0.0,
  0.0001,
  0.0001,
  0.0001,
  0.0,
  0.0,
  0.00030000000000000003,
  0.0002,
  0.0005,
  0.0047,
  0.0004,
  0.0028000000000000004,
  0.00030000000000000003,
  0.0006000000000000001,
  0.0002,
  0.0004,
  0.0,
  0.0,
  0.0005,
  0.0009,
  0.0001,
  0.00030000000000000003,
  0.0004,
  0.0,
  0.0001,
  0.0018,
  0.0001,
  0.0007000000000000001,
  0.0009,
  0.0013,
  0.0004,
  0.0005,
  0.0,
  0.00030000000000000003,
  0.0001,
  0.0015000000000000002,
  0.0001,
  0.0005,
  0.0005,
  0.0005,
  0.001,
  0.005900000000000001,
  0.0008,
  0.0038000000000000004,
  0.00030000000000000003,
  0.0018,
  0.0015000000000000002,
  0.0015000000000000002,
  0.0001,
  0.0024000000000000002,
  0.0017000000000000001,
  0.005400000000000001,
  0.0002,
  0.0001,
  0.0004,
  0.0008,
  0.0001,
  0.0007000000000000001,
  0.0001,
  0.0013,
  0.0001,
  0.0001,
  0.0002,
  0.0,
  0.0,
  0.0,
  0.0,
  0.0002,
  0.0,
  0.0001,
  0.00030000000000000003,
  0.0004,
  0.0004,
  0.0085,
  0.0013,
  0.0045000000000000005,
  0.0,
  0.0001,
  0.0001,
  0.0001,
  0.0,
  0.0002,
  0.00030000000000000003,
  0.0007000000000000001,
  0.0,
  0.0,
  0.0004,
  0.0,
  0.0,
  0.0004,
  0.0,
  0.00030000000000000003,
  0.0011,
  0.0013,
  0.0011,
  0.0012000000000000001,
  0.0,
  0.0005,
  0.0002,
  0.0016,
  0.0001,
  0.0002,
  0.0002,
  0.0001,
  0.0004,
  0.0022,
  0.0002,
  0.0019000000000000002,
  0.0013,
  0.0033000000000000004,
  0.0017000000000000001,
  0.0018,
  0.0004,
  0.0031000000000000003,
  0.0015000000000000002,
  0.009000000000000001,
  0.0,
  0.0,
  0.0001,
  0.00030000000000000003,
  0.0,
  0.0007000000000000001,
  0.0002,
  0.0004,
  0.0001,
  0.0002,
  0.0001,
  0.0001,
  0.0,
  0.0001,
  0.0,
  0.0001,
  0.0002,
  0.0001,
  0.0002,
  0.0002,
  0.00030000000000000003,
  0.0038000000000000004,
  0.00030000000000000003,
  0.0016,
  0.0,
  0.0001,
  0.0002,
  0.0002,
  0.0001,
  0.0002,
  0.00030000000000000003,
  0.0009,
  0.0,
  0.0001,
  0.0001,
  0.0001,
  0.0,
  0.0001,
  0.0,
  0.0,
  0.0,
  0.00030000000000000003,
  0.0001,
  0.00030000000000000003,
  0.0,
  0.0,
  0.0,
  0.0002,
  0.0,
  0.0,
  0.0002,
  0.0002,
  0.0001,
  0.0007000000000000001,
  0.0,
  0.00030000000000000003,
  0.0,
  0.00030000000000000003,
  0.0002,
  0.0,
  0.0,
  0.0002,
  0.0002,
  0.0005,
  0.0,
  0.0,
  0.0001,
  0.0002,
  0.0,
  0.0001,
  0.0001,
  0.0002,
  0.0,
  0.0,
  0.0,
  0.0,
  0.0,
  0.0,
  0.0,
  0.0,
  0.0,
  0.0,
  0.0002,
  0.0002,
  0.0001,
  0.0013,
  0.0002,
  0.00030000000000000003,
  0.0,
  0.0,
  0.0,
  0.0,
  0.0,
  0.0,
  0.0,
  0.0,
  0.0,
  0.0,
  0.0004,
  0.00030000000000000003,
  0.0001,
  0.0007000000000000001,
  0.0001,
  0.0,
  0.0007000000000000001,
  0.0016,
  0.0011,
