{
 "var": [
  0,
  1,
  3,
  4,
  6,
  7,
  8,
  9
 ],
 "card": [
  2,
  2,
  2,
  2,
  2,
  2,
  2,
  2
 ],
 "val": [
  0.0001012419627687284,
  0.00048596142128989623,
  0.0,
  0.0001619871404299654,
  0.0,
  5.8904414701805614e-05,
  5.5222888782942765e-05,
  0.00020616545145631974,
  0.0001012419627687284,
  0.003077755668169343,
  0.00040496785107491356,
  0.0016198714042996542,
  1.840762959431425e-05,
  0.0003239742808599309,
  0.0002761144439147139,
  0.0007952095984743759,
  0.0008099357021498272,
  0.006317498476768653,
  0.0011136615904560122,
  0.002753781387309413,
  1.8407629594314256e-05,
  0.0,
  9.203814797157128e-05,
  0.00044178311026354207,
  0.003037258883061852,
  0.03579915803502236,
  0.003037258883061852,
  0.017008649745146372,
  0.00011044577756588553,
  0.0011191838793343067,
  0.0007178975541782559,
  0.0026506986615812533,
  0.00020248392553745683,
  0.0006479485617198616,
  0.00010124196276872842,
  0.0008099357021498271,
  0.0,
  0.0,
  0.0,
  0.00017671324410541687,
  0.00040496785107491356,
  0.00599352419590872,
  0.0009111776649185556,
  0.0035637170894592387,
  7.363051837725702e-05,
  0.0003828786955617365,
  0.0004233754806692277,
  0.001855489063106877,
  0.0005062098138436421,
  0.006965447038488515,
  0.0006074517766123704,
  0.0032397428085993094,
  1.8407629594314256e-05,
  0.00020616545145631966,
  0.00014726103675451405,
  0.00047123531761444497,
  0.0074919052448859024,
  0.075000046019074,
  0.008605566835341914,
  0.039200887984051636,
  0.0001104457775658855,
  0.0022089155513177108,
  0.0014726103675451404,
  0.005183588493758895,
  0.0,
  0.0003239742808599308,
  0.0,
  0.0001619871404299654,
  0.0,
  0.0,
  0.0,
  0.0,
  0.0015186294415309258,
  0.01376890693654706,
  0.0012149035532247406,
  0.0071274341789184775,
  0.00011044577756588549,
  0.0012664449160888207,
  0.0009019738501213983,
  0.0032691950159502124,
  0.0,
  0.0,
  0.0001012419627687284,
  0.0,
  0.0,
  0.0,
  0.0,
  2.9452207350902824e-05,
  0.0017211133670683827,
  0.027375826732664154,
  0.002632291031986939,
  0.01344493265568713,
  5.522288878294275e-05,
  0.0007952095984743756,
  0.00027611444391471385,
  0.0016787758190014606,
  0.0003037258883061852,
  0.004049678510749136,
  0.000506209813843642,
  0.001457884263869689,
  0.0,
  0.00011780882940361123,
  0.00011044577756588553,
  0.000677400769070765,
  0.001113661590456012,
  0.01619871404299654,
  0.0012149035532247408,
  0.007937369881068305,
  7.363051837725702e-05,
  0.0013253493307906262,
  0.0009203814797157127,
  0.0041233090291263935,
  0.0008099357021498272,
  0.0058315370554787565,
  0.0008099357021498272,
  0.005507562774618826,
  0.0,
  0.00014726103675451405,
  0.0001104457775658855,
  0.0005595919396671535,
  0.0034422267341367653,
  0.03336935092857287,
  0.003847194585211679,
  0.01943845685159585,
  0.00011044577756588553,
  0.0006479485617198616,
  0.0004601907398578564,
  0.0020616545145631967,
  0.0002024839255374568,
  0.002429807106449481,
  0.00040496785107491367,
  0.0012958971234397231,
  1.8407629594314256e-05,
  0.00017671324410541684,
  0.00018407629594314255,
  0.0005890441470180564,
  0.001012419627687284,
  0.014416855498266922,
  0.0019235972926058393,
  0.00599352419590872,
  9.203814797157124e-05,
  0.0014137059528433347,
  0.0007731204429611989,
  0.004005500199722782,
  0.0,
  0.00016198714042996547,
  0.0001012419627687284,
  0.0,
  0.0,
  0.0,
  7.363051837725702e-05,
  8.835662205270843e-05,
  0.0004049678510749136,
  0.0025917942468794463,
  0.0005062098138436421,
  0.0014578842638696887,
  0.0,
  0.0001178088294036112,
  3.681525918862851e-05,
  0.0002945220735090281,
  0.00030372588830618525,
  0.0016198714042996542,
  0.00030372588830618525,
  0.0009719228425797925,
  0.00011044577756588553,
  0.00017671324410541687,
  0.00014726103675451405,
  0.000795209598474376,
  0.0022273231809120243,
  0.024622045345354743,
  0.004049678510749136,
  0.01619871404299654,
  0.00033133733269765655,
  0.002768507490984864,
  0.0016566866634882822,
  0.007834287155340148,
  0.0002024839255374568,
  0.0004859614212898964,
  0.0,
  0.00032397428085993095,
  0.0,
  0.0,
  0.0,
  5.890441470180563e-05,
  0.0002024839255374568,
  0.006965447038488512,
  0.001012419627687284,
  0.004211665651179101,
  1.840762959431425e-05,
  0.0003828786955617365,
  0.00016566866634882827,
  0.0006774007690707647,
  0.0,
  0.0001619871404299654,
  0.00010124196276872842,
  0.0001619871404299654,
  0.0,
  0.0,
  3.681525918862851e-05,
  0.0,
  0.0019235972926058393,
  0.02753781387309412,
  0.00374595262244295,
  0.011015125549237647,
  0.00023929918472608523,
  0.0022383677586686134,
  0.0017119095522712255,
  0.00753976508183112,
  0.0,
  0.00032397428085993095,
  0.0,
  0.0004859614212898964,
  0.0,
  0.0,
  0.0,
  5.890441470180563e-05,
  0.00506209813843642,
  0.06252703620596665,
  0.007390663282117174,
  0.0351512094733025,
  9.203814797157126e-05,
  0.00147261036754514,
  0.0011964959236304266,
  0.005743180433426048,
  0.0007086937393810989,
  0.0077753827406383405,
  0.0007086937393810988,
  0.004211665651179101,
  3.681525918862851e-05,
  0.0005006875249653478,
  0.0003681525918862851,
  0.0021205589292650024,
  0.0021260812181432952,
  0.03304537664771295,
  0.002126081218143297,
  0.014092881217406993,
  0.00023929918472608529,
  0.003121933979195698,
  0.002300953699289282,
  0.008776757790569039,
  0.0008099357021498272,
  0.016360701183426515,
  0.0021260812181432965,
  0.009395254144938,
  1.8407629594314256e-05,
  0.0004417831102635421,
  0.00029452207350902804,
  0.001119183879334307,
  0.007390663282117174,
  0.07872575024896318,
  0.008808050760879371,
  0.04325056649480076,
  0.00018407629594314255,
  0.0017671324410541678,
  0.0010676425164702268,
  0.005713728226075145
 ]
}