{
 "var": [
  0,
  1,
  3,
  4,
  6,
  7,
  8,
  9
 ],
 "card": [
  2,
  2,
  2,
  2,
  2,
  2,
  2,
  2
 ],
 "val": [
  0.0,
  0.0006515502082369271,
  0.0,
  0.0004886626561776954,
  0.0,
  5.923183711244793e-05,
  7.403979639055992e-05,
  0.00020731142989356788,
  0.00030541416011105966,
  0.004723739009717722,
  0.0003054141601110596,
  0.0016288755205923183,
  5.5529847292919924e-05,
  0.00029615918556223967,
  0.00018509949097639987,
  0.0012438685793614067,
  0.00020360944007403979,
  0.005212401665895419,
  0.0004072188801480795,
  0.002931975937066173,
  0.0,
  0.00011846367422489589,
  5.5529847292919945e-05,
  0.0005034706154558074,
  0.003970384081443776,
  0.03681258676538639,
  0.0032577510411846374,
  0.018406293382693194,
  0.00014807959278111983,
  0.0012734844979176306,
  0.0006478482184173994,
  0.002102730217491902,
  0.00010180472003701992,
  0.0011402128644146226,
  0.0,
  0.0001628875520592318,
  1.850994909763998e-05,
  5.9231837112447946e-05,
  5.5529847292919945e-05,
  0.0001480795927811199,
  0.0006108283202221192,
  0.006515502082369273,
  0.0006108283202221193,
  0.004886626561776955,
  3.701989819527996e-05,
  0.0005034706154558074,
  0.0002776492364645996,
  0.0018361869504858862,
  0.00020360944007403984,
  0.00521240166589542,
  0.0007126330402591392,
  0.00260620083294771,
  0.0,
  0.00011846367422489586,
  9.254974548819992e-05,
  0.00047385469689958357,
  0.008246182322998612,
  0.08079222582137897,
  0.007329939842665432,
  0.03664969921332716,
  0.00025913928736695974,
  0.0017769551133734382,
  0.0014437760296159184,
  0.005804720037019899,
  0.0,
  0.0,
  0.0,
  0.0,
  0.0,
  0.0,
  1.850994909763998e-05,
  2.9615918556223983e-05,
  0.0011198519204072186,
  0.00993614067561314,
  0.001730680240629338,
  0.003909301249421564,
  0.00018509949097639977,
  0.0010661730680240628,
  0.0007403979639055992,
  0.003405830633965758,
  0.0,
  0.00016288755205923184,
  0.0,
  0.0003257751041184637,
  1.850994909763998e-05,
  2.9615918556223973e-05,
  0.0,
  0.0,
  0.002748727440999537,
  0.02720222119389171,
  0.0033595557612216575,
  0.014985654789449326,
  3.701989819527996e-05,
  0.0009477093937991668,
  0.0004812586765386396,
  0.0019842665432670066,
  0.00040721888014807957,
  0.0027690883850069407,
  0.00010180472003701989,
  0.001954650624710782,
  3.701989819527996e-05,
  0.00020731142989356777,
  0.00012956964368347987,
  0.0008588616381304955,
  0.001425266080518278,
  0.015800092549745487,
  0.0017306802406293381,
  0.009610365571494677,
  0.00016658954187875983,
  0.0015400277649236464,
  0.0009254974548819989,
  0.0037316057380842207,
  0.0011198519204072188,
  0.006678389634428506,
  0.001018047200370199,
  0.0027690883850069415,
  0.0,
  0.00017769551133734382,
  5.5529847292919945e-05,
  0.0006811661267931515,
  0.004377602961591855,
  0.031111522443313274,
  0.003766774641369736,
  0.018732068486811658,
  9.25497454881999e-05,
  0.0010365571494678387,
  0.0005738084220268393,
  0.0026950485886163816,
  0.00020360944007403979,
  0.0032577510411846353,
  0.00010180472003701992,
  0.0013031004164738543,
  1.850994909763998e-05,
  0.00014807959278111983,
  0.00014807959278111983,
  0.0003257751041184638,
  0.0006108283202221193,
  0.01612586765386395,
  0.0019342896807033776,
  0.006026839426191577,
  0.00012956964368347984,
  0.0012438685793614067,
  0.0008884775566867193,
  0.0036427579824155486,
  0.0,
  0.0006515502082369274,
  0.00010180472003701989,
  0.0008144377602961593,
  0.0,
  0.0,
  1.850994909763998e-05,
  2.9615918556223973e-05,
  0.00010180472003701989,
  0.0029319759370661728,
  0.00020360944007403984,
  0.0021175381767700135,
  0.0,
  5.9231837112447926e-05,
  1.850994909763998e-05,
  0.0002073114298935678,
  0.00010180472003701992,
  0.002606200832947709,
  0.00010180472003701992,
  0.0014659879685330864,
  0.0,
  0.00023692734844979178,
  0.00016658954187875983,
  0.0005034706154558076,
  0.002239703840814437,
  0.028179546506247103,
  0.0021378991207774175,
  0.014822767237390094,
  0.0003516890328551596,
  0.002902360018509949,
  0.0015178158260064781,
  0.008114761684405369,
  0.00010180472003701989,
  0.0006515502082369274,
  0.00010180472003701989,
  0.0004886626561776955,
  0.0,
  0.0,
  0.0,
  0.00011846367422489592,
  0.00020360944007403979,
  0.006026839426191577,
  0.001018047200370199,
  0.0034206385932438682,
  0.0,
  0.00014807959278111983,
  0.00014807959278111983,
  0.0005330865340120316,
  0.0,
  0.0003257751041184636,
  0.0,
  0.0,
  0.0,
  2.9615918556223966e-05,
  0.0,
  2.961591855622398e-05,
  0.002239703840814437,
  0.026550670985654782,
  0.0028505321610365563,
  0.01286811661267931,
  0.00018509949097639977,
  0.0024877371587228134,
  0.001610365571494678,
  0.0074039796390559945,
  0.0,
  0.0004886626561776956,
  0.0,
  0.0004886626561776956,
  0.0,
  5.9231837112447946e-05,
  1.850994909763998e-05,
  0.0,
  0.005497454881999074,
  0.06238593243868579,
  0.008042572882924572,
  0.030785747339194813,
  9.25497454881999e-05,
  0.001628875520592318,
  0.0012956964368347986,
  0.005478944932901434,
  0.0005090236001850996,
  0.0057010643220731134,
  0.0011198519204072188,
  0.0014659879685330864,
  3.7019898195279965e-05,
  0.0004146228597871356,
  0.0002406293382693198,
  0.0017473391948172148,
  0.003868579361406755,
  0.03355483572420175,
  0.0032577510411846374,
  0.017266080518278572,
  0.00029615918556223967,
  0.0026950485886163816,
  0.0020916242480333177,
  0.00885515964831097,
  0.0011198519204072188,
  0.01303100416473855,
  0.0022397038408144376,
  0.0061897269782508115,
  3.7019898195279965e-05,
  0.0004146228597871356,
  0.00033317908375751965,
  0.001125404905136511,
  0.00844979176307265,
  0.08144377602961592,
  0.00844979176307265,
  0.04316520129569643,
  0.00014807959278111986,
  0.0025765849143914842,
  0.0012031466913465984,
  0.006663581675150394
 ]
}