{
 "var": [
  0,
  1,
  2,
  3,
  4
 ],
 "card": [
  2,
  2,
  3,
  2,
  2
 ],
 "val": [
  0.0102,
  0.025400000000000002,
  0.0002,
  0.0014000000000000002,
  0.06250000000000001,
  0.007600000000000001,
  0.0038000000000000004,
  0.0036,
  0.11480000000000001,
  0.005300000000000001,
  0.023500000000000004,
  0.0045000000000000005,
  0.11240000000000001,
  0.22070000000000004,
  0.0024000000000000002,
  0.011100000000000002,
  0.0964,
  0.0132,
  0.0068000000000000005,
  0.0035,
  0.0015000000000000002,
  0.0001,
  0.00030000000000000003,
  0.0001,
  0.0004,
  0.0013,
  0.0009,
  0.0064,
  0.0031000000000000003,
  0.0001,
  0.012900000000000002,
  0.0118,
  0.007,
  0.0002,
  0.09430000000000001,
  0.020100000000000003,
  0.0063,
  0.0102,
  0.006000000000000001,
  0.0435,
  0.0045000000000000005,
  0.0005,
  0.0208,
  0.0167,
  0.0,
  0.0,
  0.0012000000000000001,
  0.0005
 ]
}