{
 "var": [
  0,
  1,
  3,
  4
 ],
 "card": [
  2,
  2,
  2,
  2
 ],
 "val": [
  0.24867797312649645,
  0.03170644157362829,
  0.01378460490916963,
  0.010102542658263916,
  0.336899444545182,
  0.047959323388681446,
  0.01970550903122907,
  0.01720762760473524,
  0.011545763038015905,
  0.0017762712366178317,
  0.05578601852502878,
  0.0421864418696735,
  0.017910734969229798,
  0.0024275706900443697,
  0.07715678184058705,
  0.0651669509934167
 ]
}