{
 "var": [
  0,
  1,
  2,
  3,
  4,
  5,
  6,
  7,
  8,
  9
 ],
 "card": [
  2,
  2,
  2,
  2,
  2,
  2,
  2,
  2,
  2,
  2
 ],
 "val": [
  0.0,
  0.0001,
  0.0,
  0.0001,
  0.0,
  0.0,
  0.0,
  0.0,
  0.0001,
  0.0004,
  0.0005,
  0.0001,
  0.0,
  0.0001,
  0.0,
  0.0002,
  0.0,
  0.0,
  0.0,
  0.0,
  0.0,
  0.0006,
  0.0,
  0.0003,
  0.0003,
  0.0006,
  0.0005,
  0.0006,
  0.0,
  0.0003,
  0.0003,
  0.0018000000000000002,
  0.0,
  0.0,
  0.0,
  0.0,
  0.0,
  0.0003,
  0.0,
  0.0,
  0.0,
  0.0,
  0.0,
  0.0,
  0.0,
  0.0,
  0.0,
  0.0001,
  0.0,
  0.0,
  0.0002,
  0.0002,
  0.0,
  0.001,
  0.0001,
  0.0002,
  0.0,
  0.0,
  0.0,
  0.0003,
  0.0,
  0.0,
  0.0001,
  0.0001,
  0.0,
  0.0,
  0.0004,
  0.0002,
  0.0,
  0.0017000000000000001,
  0.0004,
  0.0004,
  0.0006,
  0.0009000000000000001,
  0.001,
  0.0006,
  0.0,
  0.0005,
  0.0003,
  0.0013,
  0.0,
  0.0002,
  0.0001,
  0.0006999999999999999,
  0.001,
  0.008799999999999999,
  0.0010999999999999998,
  0.0033,
  0.0008,
  0.0018000000000000002,
  0.0014999999999999998,
  0.0019,
  0.0003,
  0.0018000000000000002,
  0.0023,
  0.0071,
  0.0001,
  0.0003,
  0.0008,
  0.0005,
  0.0002,
  0.0016,
  0.0002,
  0.0009000000000000001,
  0.0,
  0.0,
  0.0001,
  0.0001,
  0.0,
  0.0,
  0.0001,
  0.0001,
  0.0002,
  0.0001,
  0.0006999999999999999,
  0.0009000000000000001,
  0.0006999999999999999,
  0.0111,
  0.001,
  0.0052,
  0.0001,
  0.0001,
  0.0,
  0.0,
  0.0,
  0.0006999999999999999,
  0.0001,
  0.0006999999999999999,
  0.0,
  0.0,
  0.0001,
  0.0,
  0.0001,
  0.0001,
  0.0001,
  0.0,
  0.0001,
  0.0003,
  0.0006,
  0.0001,
  0.0,
  0.0003,
  0.0001,
  0.0001,
  0.0,
  0.0,
  0.0002,
  0.0,
  0.0004,
  0.0012,
  0.0,
  0.0003,
  0.0008,
  0.0010999999999999998,
  0.0008,
  0.0008,
  0.0001,
  0.0010999999999999998,
  0.0006,
  0.0045,
  0.0,
  0.0,
  0.0,
  0.0,
  0.0,
  0.0002,
  0.0001,
  0.0001,
  0.0,
  0.0,
  0.0,
  0.0,
  0.0,
  0.0,
  0.0001,
  0.0001,
  0.0,
  0.0001,
  0.0001,
  0.0002,
  0.0001,
  0.0016,
  0.0002,
  0.0005,
  0.0,
  0.0001,
  0.0,
  0.0002,
  0.0001,
  0.0,
  0.0,
  0.0006,
  0.0001,
  0.0001,
  0.0005,
  0.0005,
  0.0,
  0.0017000000000000001,
  0.0,
  0.0010999999999999998,
  0.0006999999999999999,
  0.0017000000000000001,
  0.0009000000000000001,
  0.0009000000000000001,
  0.0,
  0.0005,
  0.0002,
  0.0016,
  0.0003,
  0.0001,
  0.0006999999999999999,
  0.0006999999999999999,
  0.001,
  0.0184,
  0.0023,
  0.008,
  0.0012,
  0.0038,
  0.0023,
  0.0036999999999999997,
  0.0008,
  0.0041,
  0.0027999999999999995,
  0.015099999999999999,
  0.0,
  0.0001,
  0.0005,
  0.0004,
  0.0002,
  0.0018000000000000002,
  0.0003,
  0.0008,
  0.0,
  0.0001,
  0.0001,
  0.0003,
  0.0,
  0.0001,
  0.0001,
  0.0002,
  0.0001,
  0.0006,
  0.0021999999999999997,
  0.0016,
  0.0012,
  0.0215,
  0.0021999999999999997,
  0.011399999999999999,
  0.0002,
  0.0006999999999999999,
  0.0005,
  0.0003,
  0.0,
  0.0004,
  0.0005,
  0.001,
  0.0,
  0.0,
  0.0,
  0.0,
  0.0,
  0.0002,
  0.0,
  0.0,
  0.0001,
  0.0,
  0.0,
  0.0,
  0.0,
  0.0,
  0.0,
  0.0,
  0.0,
  0.0001,
  0.0002,
  0.0002,
  0.0002,
  0.0027999999999999995,
  0.0002,
  0.001,
  0.0008,
  0.0018000000000000002,
  0.0019,
  0.0013999999999999998,
  0.0001,
  0.0026,
  0.0024,
  0.0073999999999999995,
  0.0,
  0.0,
  0.0,
  0.0,
  0.0,
  0.0,
  0.0,
  0.0,
  0.0,
  0.0,
  0.0,
  0.0,
  0.0,
  0.0,
  0.0,
  0.0,
  0.0,
  0.0002,
  0.0002,
  0.0003,
  0.0004,
  0.0016,
  0.0003,
  0.0016,
  0.0003,
  0.0001,
  0.0003,
  0.0001,
  0.0,
  0.0001,
  0.0004,
  0.0008,
  0.0,
  0.0,
  0.0,
  0.0,
  0.0,
  0.0,
  0.0,
  0.0,
  0.0,
  0.0001,
  0.0,
  0.0001,
  0.0,
  0.0,
  0.0,
  0.0,
  0.0001,
  0.0002,
  0.0004,
  0.0009000000000000001,
  0.0002,
  0.0058,
  0.0002,
  0.0029999999999999996,
  0.0004,
  0.0006999999999999999,
  0.0008,
  0.0013999999999999998,
  0.0001,
  0.0019,
  0.0012,
  0.0054,
  0.0,
  0.0,
  0.0,
  0.0,
  0.0,
  0.0002,
  0.0,
  0.0002,
  0.0,
  0.0,
  0.0,
  0.0,
  0.0,
  0.0,
  0.0,
  0.0,
  0.0001,
  0.0001,
  0.0005,
  0.0006,
  0.0006999999999999999,
  0.0083,
  0.001,
  0.0029999999999999996,
  0.0001,
  0.0,
  0.0,
  0.0001,
  0.0,
  0.0002,
  0.0,
  0.0003,
  0.0,
  0.0,
  0.0,
  0.0002,
  0.0,
  0.0006,
  0.0,
  0.0002,
  0.0012,
  0.0023,
  0.0013999999999999998,
  0.0019,
  0.0,
  0.0009000000000000001,
  0.0,
  0.0013999999999999998,
  0.0,
  0.0002,
  0.0001,
  0.0,
  0.0002,
  0.0027999999999999995,
  0.0002,
  0.0016,
  0.0001,
  0.0042,
  0.0021999999999999997,
  0.0019,
  0.0004,
  0.0027,
  0.0027999999999999995,
  0.0103,
  0.0,
  0.0003,
  0.0002,
  0.0,
  0.0,
  0.0009000000000000001,
  0.0,
  0.0005,
  0.0001,
  0.0005,
  0.0,
  0.0001,
  0.0,
  0.0,
  0.0003,
  0.0006999999999999999,
  0.0,
  0.0002,
  0.0001,
  0.0003,
  0.0005,
  0.0035,
  0.0006999999999999999,
  0.0010999999999999998,
  0.0001,
  0.0002,
  0.0,
  0.0004,
  0.0,
  0.0002,
  0.0002,
  0.0008,
  0.0001,
  0.0001,
  0.0001,
  0.0005,
  0.0002,
  0.001,
  0.0003,
  0.001,
  0.0008,
  0.0013999999999999998,
  0.0010999999999999998,
  0.0017000000000000001,
  0.0001,
  0.0004,
  0.0004,
  0.0010999999999999998,
  0.0003,
  0.0001,
  0.0005,
  0.0006999999999999999,
  0.0008,
  0.008,
  0.0006999999999999999,
  0.0034000000000000002,
  0.0006,
  0.0016,
  0.002,
  0.001,
  0.0,
  0.0024,
  0.0009000000000000001,
  0.0069,
  0.0,
  0.0002,
  0.0003,
  0.0006,
  0.0002,
  0.0018000000000000002,
  0.0004,
  0.0006,
  0.0,
  0.0002,
  0.0,
  0.0003,
  0.0,
  0.0,
  0.0,
  0.0003,
  0.0001,
  0.0001,
  0.0005,
  0.0005,
  0.0009000000000000001,
  0.0098,
  0.0004,
  0.0052,
  0.0001,
  0.0002,
  0.0,
  0.0,
  0.0,
  0.0001,
  0.0,
  0.0006,
  0.0,
  0.0001,
  0.0001,
  0.0001,
  0.0001,
  0.0008,
  0.0002,
  0.0003,
  0.0009000000000000001,
  0.0023,
  0.0006999999999999999,
  0.0013999999999999998,
  0.0001,
  0.0004,
  0.0001,
  0.0021999999999999997,
  0.0,
  0.0,
  0.0,
  0.0004,
  0.0,
  0.0026,
  0.0001,
  0.002,
  0.0017000000000000001,
  0.0029999999999999996,
  0.0010999999999999998,
  0.0017000000000000001,
  0.0003,
  0.0027999999999999995,
  0.0021999999999999997,
  0.0096,
  0.0,
  0.0001,
  0.0003,
  0.0,
  0.0,
  0.0005,
  0.0001,
  0.0003,
  0.0002,
  0.0003,
  0.0001,
  0.0002,
  0.0,
  0.0002,
  0.0,
  0.0004,
  0.0,
  0.0001,
  0.0003,
  0.0003,
  0.0004,
  0.0034000000000000002,
  0.0003,
  0.0013999999999999998,
  0.0003,
  0.0001,
  0.0001,
  0.0002,
  0.0,
  0.0003,
  0.0003,
  0.0010999999999999998,
  0.0,
  0.0001,
  0.0,
  0.0,
  0.0,
  0.0001,
  0.0,
  0.0,
  0.0,
  0.0003,
  0.0,
  0.0001,
  0.0,
  0.0,
  0.0002,
  0.0001,
  0.0,
  0.0,
  0.0,
  0.0,
  0.0,
  0.0006999999999999999,
  0.0003,
  0.0005,
  0.0,
  0.0001,
  0.0,
  0.0002,
  0.0,
  0.0,
  0.0,
  0.0005,
  0.0,
  0.0,
  0.0,
  0.0,
  0.0,
  0.0003,
  0.0,
  0.0002,
  0.0,
  0.0,
  0.0,
  0.0,
  0.0,
  0.0,
  0.0,
  0.0001,
  0.0,
  0.0,
  0.0,
  0.0001,
  0.0002,
  0.0008,
  0.0003,
  0.0002,
  0.0,
  0.0,
  0.0,
  0.0,
  0.0001,
  0.0001,
  0.0,
  0.0,
  0.0,
  0.0,
  0.0001,
  0.0004,
  0.0001,
  0.0004,
  0.0,
  0.0004,
  0.0006999999999999999,
  0.0024,
  0.0013999999999999998,
  0.0021,
  0.0,
  0.0006999999999999999,
  0.0003,
  0.0021,
  0.0,
  0.0002,
  0.0002,
  0.0005,
  0.0008,
  0.0066,
  0.0006,
  0.0038,
  0.0025,
  0.005,
  0.0036999999999999997,
  0.0034000000000000002,
  0.0005,
  0.0078,
  0.004,
  0.019100000000000002,
  0.0001,
  0.0002,
  0.0003,
  0.0001,
  0.0002,
  0.0008,
  0.0,
  0.0006,
  0.0001,
  0.0002,
  0.0002,
  0.0001,
  0.0,
  0.0002,
  0.0,
  0.0003,
  0.0,
  0.0001,
  0.0002,
  0.0008,
  0.0013,
  0.007200000000000001,
  0.0006999999999999999,
  0.0048,
  0.0001,
  0.0006,
  0.0005,
  0.0006,
  0.0,
  0.0006999999999999999,
  0.0006,
  0.0016,
  0.0,
  0.0,
  0.0,
  0.0001,
  0.0001,
  0.0001,
  0.0,
  0.0,
  0.0,
  0.0001,
  0.0001,
  0.0002,
  0.0,
  0.0,
  0.0,
  0.0,
  0.0,
  0.0001,
  0.0,
  0.0,
  0.0003,
  0.0016,
  0.0002,
  0.0012,
  0.0,
  0.0008,
  0.0002,
  0.0004,
  0.0,
  0.0005,
  0.0003,
