{
 "var": [
  0,
  1,
  3,
  4,
  6,
  7,
  8,
  9
 ],
 "card": [
  2,
  2,
  2,
  2,
  2,
  2,
  2,
  2
 ],
 "val": [
  9.995583769352817e-05,
  0.00031985868061929,
  9.995583769352818e-05,
  0.000159929340309645,
  0.0,
  5.815612374896183e-05,
  7.269515468620229e-05,
  0.00014539030937240466,
  9.995583769352817e-05,
  0.005437597570527931,
  0.0003998233507741126,
  0.002079081424025385,
  3.634757734310114e-05,
  0.00020354643312136644,
  0.0001817378867155058,
  0.0007851076706109849,
  0.00039982335077411266,
  0.007196820313934027,
  0.000699690863854697,
  0.003518445486812191,
  0.0,
  5.8156123748961846e-05,
  9.086894335775287e-05,
  0.0003198586806192901,
  0.003398498481579957,
  0.0355043135487412,
  0.0031985868061929017,
  0.01615286337127415,
  0.00016356409804395516,
  0.0011049663512302749,
  0.0003998233507741127,
  0.0025879475068288017,
  0.0,
  0.00015992934030964503,
  9.995583769352818e-05,
  0.00031985868061929005,
  1.8173788671550573e-05,
  2.9078061874480923e-05,
  1.8173788671550573e-05,
  0.00020354643312136647,
  0.0009995583769352814,
  0.007676608334862961,
  0.0005997350261611689,
  0.0031985868061929,
  1.8173788671550573e-05,
  0.0006978734849875421,
  0.0004179971394456631,
  0.0015702153412219698,
  0.0002998675130805845,
  0.008636184376720835,
  0.00019991167538705633,
  0.0031985868061929017,
  3.6347577343101145e-05,
  0.00017446837124688553,
  0.00010904273202930346,
  0.00046524898999169477,
  0.007996467015482253,
  0.08108417553699004,
  0.007896511177788725,
  0.03982240573710162,
  7.269515468620229e-05,
  0.0025879475068288013,
  0.0010359059542783826,
  0.005815612374896185,
  0.0,
  0.00015992934030964503,
  0.0,
  0.0,
  0.0,
  0.0,
  3.6347577343101145e-05,
  2.9078061874480933e-05,
  0.0011994700523223379,
  0.013913852606939116,
  0.0010995142146288095,
  0.007516678994553316,
  0.00010904273202930342,
  0.0009014199181089084,
  0.0007814729128766746,
  0.0029368842493225733,
  0.0,
  0.00015992934030964505,
  0.0,
  0.00015992934030964505,
  0.0,
  0.0,
  0.0,
  0.0,
  0.0027987634554187883,
  0.03022664531852291,
  0.002498895942338204,
  0.015353216669725922,
  9.086894335775287e-05,
  0.0007560296087365038,
  0.0004543447167887644,
  0.0018900740218412602,
  0.00029986751308058447,
  0.002558869444954321,
  9.995583769352817e-05,
  0.0011195053821675155,
  1.8173788671550573e-05,
  0.00029078061874480916,
  0.0003453019847594609,
  0.0006687954231130614,
  0.0013993817277093937,
  0.013913852606939116,
  0.001899160916177035,
  0.00831632569610154,
  5.4521366014651715e-05,
  0.001366668908100603,
  0.000726951546862023,
  0.004536177652419024,
  0.00039982335077411266,
  0.0063971736123858034,
  0.0009995583769352816,
  0.0031985868061929017,
  0.0,
  0.00014539030937240458,
  7.269515468620229e-05,
  0.0004943270518661758,
  0.003098630968499373,
  0.031666009381309715,
  0.003598410156967014,
  0.014073781947248763,
  7.269515468620229e-05,
  0.0006397173612385801,
  0.000508866082803416,
  0.0023262449499584737,
  0.0,
  0.00127943472247716,
  0.00019991167538705636,
  0.00095957604185787,
  1.8173788671550573e-05,
  0.00020354643312136644,
  5.4521366014651715e-05,
  0.000436170928117214,
  0.0011994700523223379,
  0.01247448854415231,
  0.0014993375654029223,
  0.007036890973624381,
  0.00012721652070085397,
  0.001075888289355794,
  0.0006724301808473715,
  0.0038673822293059626,
  0.0,
  0.00015992934030964505,
  9.995583769352817e-05,
  0.0003198586806192901,
  0.0,
  0.0,
  0.0,
  2.9078061874480923e-05,
  0.0006996908638546971,
  0.0025588694449543204,
  0.0002998675130805845,
  0.0023989401046446753,
  0.0,
  0.0001744683712468855,
  7.269515468620229e-05,
  0.00020354643312136647,
  0.0004997791884676409,
  0.0025588694449543204,
  0.0004997791884676409,
  0.0009595760418578701,
  3.6347577343101145e-05,
  0.00031985868061929016,
  7.269515468620229e-05,
  0.0005234051137406567,
  0.0019991167538705628,
  0.02798763455418788,
  0.00379832183235407,
  0.01631279271158379,
  0.00029078061874480916,
  0.0023553230118329546,
  0.0017446837124688547,
  0.007676608334862963,
  0.00029986751308058447,
  0.0007996467015482253,
  9.995583769352817e-05,
  0.0003198586806192901,
  0.0,
  0.0,
  0.0,
  2.9078061874480927e-05,
  0.0007996467015482253,
  0.007196820313934026,
  0.0004997791884676408,
  0.00287872812557361,
  3.634757734310114e-05,
  0.00023262449499584733,
  0.000127216520700854,
  0.0006397173612385803,
  0.0,
  0.00015992934030964503,
  0.0,
  0.0,
  1.8173788671550573e-05,
  0.0,
  3.6347577343101145e-05,
  0.0,
  0.0023989401046446758,
  0.02782770521387823,
  0.0025988517800317316,
  0.01375392326662947,
  0.00014539030937240455,
  0.0024425571974563973,
  0.0015447720370817986,
  0.006368095550511323,
  9.995583769352818e-05,
  0.00031985868061929016,
  0.0,
  0.00047978802092893527,
  0.0,
  0.0,
  0.0,
  5.815612374896185e-05,
  0.006097306099305218,
  0.06285223074169051,
  0.004897836046982879,
  0.030706433339451847,
  0.000254433041401708,
  0.0016865275887198929,
  0.0007814729128766746,
  0.004797880209289352,
  0.0002998675130805845,
  0.008956043057340124,
  0.0010995142146288097,
  0.002558869444954321,
  1.8173788671550576e-05,
  0.00031985868061929016,
  0.0003271281960879104,
  0.0018900740218412602,
  0.003598410156967012,
  0.03438480816657369,
  0.0029986751308058454,
  0.016312792711583795,
  0.0003998233507741126,
  0.002617025568703283,
  0.002289897372615372,
  0.008578028252971872,
  0.0014993375654029225,
  0.014233711287558416,
  0.0014993375654029225,
  0.006876961633314739,
  3.634757734310115e-05,
  0.0005234051137406565,
  0.00018173788671550575,
  0.0008141857324854659,
  0.007496687827014612,
  0.07740580070986819,
  0.008896069554724006,
  0.044780215286700606,
  0.0002180854640586069,
  0.0022390107643350298,
  0.0015447720370817986,
  0.006251783303013398
 ]
}